eps_num,iter,critic_loss,actor_loss,csc_samples_neg,csc_samples_pos,train_acc,snap_iter,beta_score,main_critic_loss,main_actor_loss,main_beta_score,main_prox_critic,main_prox_actor,main_avg_prox_coef,tidx,avg_rewards,one_raw_reward
200,10000,0.0031389358104206623,0.08355946242809295,200,204,0.9381188118811881,10,1.0,0.38490422785282136,0.17904575526714325,0.48345605,0.33808163434267047,0.20546578586101533,0.09999999999999998,0,-3.7603930541096244,-2.3500688433195163
200,10000,0.003585061093326658,0.07946865186095238,200,204,0.9381188118811881,10,1.0,0.40285671830177305,0.16812328279018401,0.46842915,0.43104547590017317,0.23964855179190636,0.09999999999999998,1,-3.3891669225776706,-1.8824336327809965
